Bitcoin Discussion,1
Bitcoin Technical Support,4
Marketplace,5
Development & Technical Discussion,6
Economics,7
Trading Discussion,8
Off-topic,9
Pycc??? (Russian),10
Other languages/locations,11
Project Development,12
Français,13
Mining,14
Deutsch (German),16
Chinese students,17
Pa??oe,18
Tpe??ep?,20
Ma??ep?,21
Ho?????,22
????ec,23
Meta,24
Obsolete (buying),25
Obsolete (selling),26
Español (Spanish),27
Italiano (Italian),28
Português (Portuguese),29
?? (Chinese),30
Mercado y Economía,31
Hardware y Minería,32
Esquina Libre,33
Politics & Society,34
Wallet software,37
Beginners & Help,39
Mining support,40
Pools,41
Mining software (miners),42
CPU/GPU Bitcoin mining hardware,44
Skandinavisk,45
Discussions générales et utilisation du Bitcoin,47
Mining et Hardware,48
Place de marché,49
Hors-sujet,50
Goods,51
Services,52
Currency exchange,53
Wiki - documentation et traduction,54
Xa???,55
Gambling,56
Speculation,57
Archival,59
Mining (Deutsch),60
Trading und Spekulation,61
Anfänger und Hilfe,62
Projektentwicklung,63
Off-Topic (Deutsch),64
Lending,65
?o?ep?,66
Altcoin Discussion,67
Economia & Mercado,69
Mineração em Geral,70
A???ep?a?????e ?p???o?a????,72
Auctions,73
Legal,74
Hardware,76
Press,77
Securities,78
Nederlands (Dutch),79
Markt,80
Mining speculation,81
??? (Korean),82
Scam Accusations,83
Service Announcements,84
Service Discussion,85
Meetups,86
Important Announcements,87
India,89
??e?,90
?o?????a,91
?op???a,92
Gokken/lotterijen,94
????? (Hebrew),95
Electrum,98
MultiBit,99
Mercadillo,101
Român? (Romanian),108
Anunturi importante,109
Offtopic,110
Market,111
Tutoriale,112
Bine ai venit!,113
Presa,114
Mining (Italiano),115
Mining (Nederlands),116
????,117
???,118
??,119
E??????? (Greek),120
Mining (India),121
Marketplace (India),122
Regional Languages (India),123
Press & News from India,124
Alt Coins (India),125
Buyer/ Seller Reputations (India),126
Off-Topic (India),127
Reputation,129
Primeros pasos y ayuda,130
Primeiros Passos (Iniciantes),131
Alt-Currencies (Italiano),132
Türkçe (Turkish),133
Brasil,134
Portugal,135
A?o??,136
Treffen,139
Presse,140
Polski,142
Beurzen,143
Raduni/Meeting (Italiano),144
Off-Topic (Italiano),145
??,146
Alt Coins (Nederlands),147
Off-topic (Nederlands),148
Altcoins (Français),149
Meetings (Nederlands),150
Altcoins (criptomonedas alternativas),151
Altcoins (Deutsch),152
Guide (Italiano),153
Pazar Alan?,155
Madencilik,156
Alternatif Kripto-Paralar,157
Konu D???,158
Announcements (Altcoins),159
Mining (Altcoins),160
Marketplace (Altcoins),161
Accuse scam/truffe,162
Tablica og?osze?,163
Alternatywne kryptowaluty,164
Crittografia e decentralizzazione,165
Minerit,166
New forum software,167
Bitcoin Wiki,168
Progetti,169
Mercato,170
Yeni Ba?layanlar & Yard?m,174
Trading - analisi e speculazione,175
Altcoins (E???????),179
Bitcoin Haberleri,180
Criptomoedas Alternativas,181
???? Alt Coins (???),182
Actualité et News,183
Vos sites et projets,184
Pa?o?a,185
Développement et technique,186
Économie et spéculation,187
Le Bitcoin et la loi,188
Ekonomi,189
Servisler,190
Bahasa Indonesia (Indonesian),191
Altcoins (Bahasa Indonesia),192
Jual Beli,193
Marketplace (Bahasa Indonesia),193
Mining (Bahasa Indonesia),194
Mining Discussion (E???????),195
????,196
Service Announcements (Altcoins),197
Service Discussion (Altcoins),198
Pools (Altcoins),199
Hrvatski (Croatian),201
Discussioni avanzate e sviluppo,205
Desenvolvimento & Discussões Técnicas,206
Débutants,208
Pilipinas,219
Trgovina,220
Altcoins (Hrvatski),221
Speculation (Altcoins),224
Gambling discussion,228
Proje Geli?tirme,229
Bulu?malar,230
O??e?????,237
Bounties (Altcoins),238
Tokens (Altcoins),240
??????? (Arabic),241
??????? ??????? (Altcoins),242
Altcoins (Pilipinas),243
Serious discussion,250
Ivory Tower,251
??? (Japanese),252
????????? ? ????? ?????????,253
??????,255
Altcoins (Monede Alternative),259
O?cy??e??e Bitcoin,262
???????,266
???????? ??????,267
Pamilihan,268
Marktplatz,269
????? ???????,271
Off-topic (Hrvatski),272
Others (Pilipinas),274
Nigeria (Naija),275
Trading dan Spekulasi,276
Ekonomi - Politik - dan Budaya,277
Topik Lainnya,278
Politics and society (Naija),279
Off-topic (Naija),280
